﻿{"cameraMode":{"drawMode":0,"name":"Shaded","section":"Shading Mode"},"sceneLighting":false,"audioPlay":false,"sceneViewState":{"showFog":true,"showMaterialUpdate":false,"showSkybox":true,"showFlares":true,"showImageEffects":true,"showParticleSystems":true},"in2DMode":false,"pivot":{"x":-0.0008676052093505859,"y":-0.303422212600708,"z":0.4997544288635254},"rotation":{"x":0.4542165994644165,"y":0.03553588315844536,"z":-0.018135791644454004,"w":0.8899976015090942},"size":15.784225463867188,"orthographic":false}