﻿{"cameraMode":{"drawMode":0,"name":"Shaded","section":"Shading Mode"},"sceneLighting":false,"audioPlay":false,"sceneViewState":{"showFog":true,"showMaterialUpdate":false,"showSkybox":true,"showFlares":true,"showImageEffects":true,"showParticleSystems":true},"in2DMode":false,"pivot":{"x":3.6710124015808107,"y":-2.4015583992004396,"z":1.3518328666687012},"rotation":{"x":0.17115409672260285,"y":-0.5468928217887878,"z":0.11536536365747452,"w":0.8113601803779602},"size":8.582277297973633,"orthographic":false}