﻿{"cameraMode":{"drawMode":0,"name":"Shaded","section":"Shading Mode"},"sceneLighting":false,"audioPlay":false,"sceneViewState":{"showFog":true,"showMaterialUpdate":false,"showSkybox":true,"showFlares":true,"showImageEffects":true,"showParticleSystems":true},"in2DMode":false,"pivot":{"x":-0.0008656978607177734,"y":-0.303422212600708,"z":7.152557373046875e-7},"rotation":{"x":0.4542165994644165,"y":0.03553588315844536,"z":-0.018135791644454004,"w":0.8899976015090942},"size":31.155099868774415,"orthographic":false}