﻿{"cameraMode":{"drawMode":0,"name":"Shaded","section":"Shading Mode"},"sceneLighting":false,"audioPlay":false,"sceneViewState":{"showFog":true,"showMaterialUpdate":false,"showSkybox":true,"showFlares":true,"showImageEffects":true,"showParticleSystems":true},"in2DMode":false,"pivot":{"x":2.1404271125793459,"y":-0.1538839340209961,"z":0.9218511581420898},"rotation":{"x":0.4542165994644165,"y":0.03553588315844536,"z":-0.018135791644454004,"w":0.8899976015090942},"size":17.389358520507814,"orthographic":false}