﻿{"cameraMode":{"drawMode":0,"name":"Shaded","section":"Shading Mode"},"sceneLighting":false,"audioPlay":false,"sceneViewState":{"showFog":true,"showMaterialUpdate":false,"showSkybox":true,"showFlares":true,"showImageEffects":true,"showParticleSystems":true},"in2DMode":false,"pivot":{"x":0.40311962366104128,"y":0.3622150421142578,"z":0.8695259094238281},"rotation":{"x":0.42607665061950686,"y":0.029309527948498727,"z":-0.013812446966767311,"w":0.9041067361831665},"size":17.269729614257814,"orthographic":false}